Cryptocurrency,BNB,BTC,ETH
BNB,1.0,0.8864243203539515,0.9489696748904839
BTC,0.8864243203539515,1.0,0.9286541326572494
ETH,0.9489696748904839,0.9286541326572494,1.0
