cryptocurrency,Bitcoin,Bnb,Ethereum
Bitcoin,1.0,0.4359691096677508,0.8563365367067719
Bnb,0.4359691096677508,1.0,0.5819403467180738
Ethereum,0.8563365367067719,0.5819403467180738,1.0
